grid_size,lr,sigma,tau,tau_2,quantization_error,topographical_error,quantization_error_std,topographical_error_std
"[10, 10]",0.005,1,10,10,0.7226267838568474,0.40222222222222226,0.014315997146839359,0.06069555681665629
"[10, 10]",0.005,1,10,20,0.6475598675319879,0.5577777777777778,0.0025762806020019294,0.11318072513997193
"[10, 10]",0.005,1,10,40,0.6024507942641013,0.5133333333333333,0.01189339721702356,0.03810317377662721
"[10, 10]",0.005,1,20,10,0.7048213814954071,0.3977777777777778,0.009168389465459939,0.06805952369383803
"[10, 10]",0.005,1,20,20,0.6357883374056962,0.3755555555555556,0.016966215022914673,0.04939135726865083
"[10, 10]",0.005,1,20,40,0.517164894195408,0.3422222222222222,0.020113130066762394,0.025724082006200504
"[10, 10]",0.005,1,40,10,0.6931337113471465,0.3755555555555556,0.022648049337854588,0.03189488909868293
"[10, 10]",0.005,1,40,20,0.583093564104836,0.3311111111111111,0.033906490883701026,0.02060804110110155
"[10, 10]",0.005,1,40,40,0.4609202880988785,0.4177777777777778,0.006017261107967847,0.027397395568751
"[10, 10]",0.005,5,10,10,0.7325241820830394,0.10444444444444445,0.011943900799067809,0.011331154474650629
"[10, 10]",0.005,5,10,20,0.5510906797210547,0.10888888888888888,0.007759781279044867,0.021998877636914813
"[10, 10]",0.005,5,10,40,0.43913834056839346,0.11777777777777777,0.00777744560735165,0.025141574442188352
"[10, 10]",0.005,5,20,10,0.789778541924635,0.03333333333333333,0.028134522530266267,0.014401645996461912
"[10, 10]",0.005,5,20,20,0.5687561352877631,0.031111111111111114,0.0032707764903181064,0.021998877636914813
"[10, 10]",0.005,5,20,40,0.4487835742044155,0.02888888888888889,0.004985595919197638,0.011331154474650633
"[10, 10]",0.005,5,40,10,0.8024713525215015,0.03333333333333333,0.008561541992436873,0.009428090415820633
"[10, 10]",0.005,5,40,20,0.620473342997314,0.0044444444444444444,0.009831210404194792,0.003142696805273545
"[10, 10]",0.005,5,40,40,0.4907924778288502,0.006666666666666667,0.004560089026022929,0.005443310539518174
"[10, 10]",0.005,10,10,10,0.8408379625937652,0.02888888888888889,0.014769362656996726,0.027932900199947854
"[10, 10]",0.005,10,10,20,0.6014106370330327,0.011111111111111112,0.001389489531888075,0.011331154474650634
"[10, 10]",0.005,10,10,40,0.4635782812333557,0.013333333333333334,0.00047836290534230744,0.0
"[10, 10]",0.005,10,20,10,0.9454604360941303,0.006666666666666667,0.0025304579879349767,0.005443310539518174
"[10, 10]",0.005,10,20,20,0.6695090444214746,0.0044444444444444444,0.00361954692162937,0.003142696805273545
"[10, 10]",0.005,10,20,40,0.49933815082081967,0.011111111111111112,0.002769866847333184,0.006285393610547089
"[10, 10]",0.005,10,40,10,1.1409924079023153,0.0,0.03234020274956956,0.0
"[10, 10]",0.005,10,40,20,0.8063691229710414,0.0044444444444444444,0.0022219877891761614,0.003142696805273545
"[10, 10]",0.005,10,40,40,0.6052809863219942,0.0,0.0015237129344157878,0.0
"[10, 10]",0.05,1,10,10,0.3394988923762028,0.3511111111111111,0.009534567130904044,0.05820355934981687
"[10, 10]",0.05,1,10,20,0.2788277333681892,0.4155555555555555,0.006923557874854554,0.016629588385661975
"[10, 10]",0.05,1,10,40,0.273566760540952,0.3333333333333333,0.017799692508533665,0.053610391474732524
"[10, 10]",0.05,1,20,10,0.331394955344001,0.20666666666666667,0.014303089022251702,0.04838120234906053
"[10, 10]",0.05,1,20,20,0.27236556734597994,0.2333333333333333,0.008895971241003145,0.07620634755325445
"[10, 10]",0.05,1,20,40,0.2345631312534365,0.24222222222222223,0.00843524243361893,0.08543281238551594
"[10, 10]",0.05,1,40,10,0.3369508337412685,0.2111111111111111,0.011932996525119222,0.02454524670486058
"[10, 10]",0.05,1,40,20,0.26409090137678115,0.21777777777777776,0.006072010476840293,0.06562143582325956
"[10, 10]",0.05,1,40,40,0.2142712752891457,0.22222222222222224,0.005895039835238665,0.02266230894930127
"[10, 10]",0.05,5,10,10,0.3737152789306551,0.008888888888888889,0.0034632831059846557,0.003142696805273545
"[10, 10]",0.05,5,10,20,0.2592503652482091,0.05333333333333334,0.004817087675336134,0.019626135258506327
"[10, 10]",0.05,5,10,40,0.19806395995634474,0.07333333333333333,0.011010296389584192,0.028803291992923825
"[10, 10]",0.05,5,20,10,0.45362167560054173,0.006666666666666667,0.005977972647741772,0.0
"[10, 10]",0.05,5,20,20,0.3211831715142795,0.02,0.0037555968329286895,0.010886621079036346
"[10, 10]",0.05,5,20,40,0.2209755256582897,0.05777777777777778,0.0024670945480431434,0.012570787221094178
"[10, 10]",0.05,5,40,10,0.5769075620560254,0.006666666666666667,0.0020165854613063113,0.005443310539518174
"[10, 10]",0.05,5,40,20,0.41041415549612137,0.0022222222222222222,0.0022335931640377516,0.003142696805273545
"[10, 10]",0.05,5,40,40,0.30606274604459077,0.015555555555555557,0.002564406859462402,0.00831479419283098
"[10, 10]",0.05,10,10,10,0.44703577290918917,0.024444444444444446,0.0025590266711698387,0.006285393610547089
"[10, 10]",0.05,10,10,20,0.29121086256465123,0.04666666666666667,0.002147544465105473,0.009428090415820635
"[10, 10]",0.05,10,10,40,0.20790870089140356,0.08888888888888889,0.0037897100933433335,0.016629588385661965
"[10, 10]",0.05,10,20,10,0.5944080328129934,0.006666666666666667,0.006644610771651955,0.005443310539518174
"[10, 10]",0.05,10,20,20,0.37964992118374696,0.011111111111111112,0.0025794299198044373,0.00628539361054709
"[10, 10]",0.05,10,20,40,0.26039087978483955,0.02888888888888889,0.0026706469498532846,0.0031426968052735435
"[10, 10]",0.05,10,40,10,0.7980589399179915,0.0022222222222222222,0.001682183170841401,0.003142696805273545
"[10, 10]",0.05,10,40,20,0.5343927203311511,0.006666666666666667,0.0021391888318377716,0.0
"[10, 10]",0.05,10,40,40,0.39405385232185175,0.008888888888888889,0.0012593762155028276,0.003142696805273545
"[10, 10]",0.5,1,10,10,0.15112987453953206,0.21777777777777776,0.004626552946240678,0.03937787810370966
"[10, 10]",0.5,1,10,20,0.12237277480510633,0.19555555555555557,0.0016252392415507225,0.026851213274654607
"[10, 10]",0.5,1,10,40,0.12205029514587919,0.19333333333333336,0.006256599278259887,0.016329931618554526
"[10, 10]",0.5,1,20,10,0.16364421149675865,0.11777777777777777,0.004049803233501113,0.01133115447465063
"[10, 10]",0.5,1,20,20,0.1329903098645006,0.18888888888888888,0.0019273412563355168,0.021998877636914813
"[10, 10]",0.5,1,20,40,0.11824489977315507,0.21333333333333335,0.005968712344469453,0.03265986323710905
"[10, 10]",0.5,1,40,10,0.20100389139578187,0.07777777777777778,0.0029970626342843854,0.019116278371205837
"[10, 10]",0.5,1,40,20,0.1446013059054734,0.14222222222222222,0.0033956006568073922,0.03823255674241168
"[10, 10]",0.5,1,40,40,0.11479058207725835,0.19111111111111112,0.0032654055561480567,0.03861810488218392
"[10, 10]",0.5,5,10,10,0.2015499045459267,0.05111111111111111,0.0020427970990556685,0.006285393610547087
"[10, 10]",0.5,5,10,20,0.1351718391730777,0.0911111111111111,0.005383147984112554,0.04085505846855608
"[10, 10]",0.5,5,10,40,0.11641017391504138,0.18888888888888888,0.005459436721659996,0.021998877636914816
"[10, 10]",0.5,5,20,10,0.30370316038270356,0.02,0.0033477700187388377,0.014401645996461912
"[10, 10]",0.5,5,20,20,0.17041837409351943,0.06888888888888889,0.005221210681142686,0.02266230894930127
"[10, 10]",0.5,5,20,40,0.1295315040776539,0.11333333333333334,0.0029798291176991168,0.01632993161855452
"[10, 10]",0.5,5,40,10,0.4405684225295907,0.0022222222222222222,0.005092617932401638,0.003142696805273545
"[10, 10]",0.5,5,40,20,0.27513684934268623,0.011111111111111112,0.003719072272945908,0.003142696805273545
"[10, 10]",0.5,5,40,40,0.1972202183904157,0.02666666666666667,0.0024406989514087303,0.009428090415820633
"[10, 10]",0.5,10,10,10,0.24215639160071337,0.031111111111111107,0.0033600908218582516,0.003142696805273543
"[10, 10]",0.5,10,10,20,0.15164420229778797,0.06444444444444446,0.0020746668838084394,0.013698697784375503
"[10, 10]",0.5,10,10,40,0.12873643614421101,0.16,0.0030062194225247136,0.03810317377662721
"[10, 10]",0.5,10,20,10,0.39383706960914405,0.008888888888888889,0.008997856987228069,0.003142696805273545
"[10, 10]",0.5,10,20,20,0.20968025926757664,0.05777777777777778,0.0018558228817780274,0.019116278371205837
"[10, 10]",0.5,10,20,40,0.13947567015119813,0.11111111111111112,0.0029780078072928246,0.017497795275581804
"[10, 10]",0.5,10,40,10,0.6133540079088179,0.0,0.005304703766606561,0.0
"[10, 10]",0.5,10,40,20,0.38506099921949327,0.0044444444444444444,0.003025304771454601,0.003142696805273545
"[10, 10]",0.5,10,40,40,0.29884489344292625,0.011111111111111112,0.0031286612619362735,0.003142696805273545
